{
  "target_column": 0.018054685210046568,
  "feature_columns": 0.018054685210046568,
  "arima": 0.356584613659839,
  "xgboost": 0.018054685210046568,
  "ridge": 0.5892513307100212
}