{
  "target_column": 0.125776558861626,
  "feature_columns": 0.125776558861626,
  "arima": 0.125776558861626,
  "xgboost": 0.622670323415122
}