{
  "target_column": 0.03411747436478166,
  "feature_columns": 0.03411747436478166,
  "arima": 0.03411747436478166,
  "xgboost": 0.897647576905655
}