{
  "target_column": 0.13210884557777866,
  "feature_columns": 0.13210884557777866,
  "arima": 0.13210884557777866,
  "xgboost": 0.603673463266664
}