{
  "target_column": 0.03943536629111854,
  "feature_columns": 0.03943536629111854,
  "arima": 0.03943536629111854,
  "xgboost": 0.8816939011266443
}