{
  "target_column": 0.016235703313860445,
  "feature_columns": 0.016235703313860445,
  "arima": 0.3795755591637792,
  "xgboost": 0.058067873021538575,
  "ridge": 0.5298851611869612
}