{
  "target_column": 0.013615930972580969,
  "feature_columns": 0.013615930972580969,
  "arima": 0.483915883881047,
  "xgboost": 0.04446868552621358,
  "ridge": 0.4443835686475774
}