{
  "weights": {
    "AAPL": 0.2936258390865586,
    "GOOGL": 0.20035625720052808,
    "MSFT": 0.38703340407214415,
    "TSLA": 0.11898449964076901
  },
  "portfolio_return": 0.0013475853517149155,
  "portfolio_volatility": 0.011169138039795802,
  "cvar": 0.020304755952932494,
  "sharpe_ratio": -1.6699958924158926,
  "confidence_level": 0.95,
  "optimization_status": "optimal"
}